mentioned_players,Competition,Team,negative,neutral,positive,total_mentions,sentiment_score
ashutosh singh,syed_mushtaq_ali_trophy,chhattisgarh,0,0,1,1,1.0
zeeshan ansari,ranji_trophy,uttar pradesh,0,0,1,1,1.0
aniket verma,syed_mushtaq_ali_trophy,madhya pradesh,0,0,2,2,1.0
emanjot singh chahal,col_c_k_nayudu,punjab,0,0,3,3,1.0
emanjot singh chahal,ranji_trophy,punjab,0,0,3,3,1.0
emanjot singh chahal,syed_mushtaq_ali_trophy,punjab,0,0,3,3,1.0
stephen,ranji_trophy,andhra,0,0,2,2,1.0
luckyraj,syed_mushtaq_ali_trophy,saurashtra,0,0,2,2,1.0
zeeshan ansari,syed_mushtaq_ali_trophy,uttar pradesh,0,0,1,1,1.0
yuvraj singh,syed_mushtaq_ali_trophy,haryana,0,0,1,1,1.0
luckyraj,ranji_trophy,saurashtra,0,0,2,2,1.0
luckyraj,col_c_k_nayudu,saurashtra,0,0,2,2,1.0
lucky farman khan,col_c_k_nayudu,arunachal pradesh,0,0,2,2,1.0
shashank upadhyay,col_c_k_nayudu,bihar,0,0,2,2,1.0
stephen,syed_mushtaq_ali_trophy,andhra,0,0,2,2,1.0
bhavyesh donga,syed_mushtaq_ali_trophy,saurashtra,0,0,12,12,1.0
shubhan,col_c_k_nayudu,tamil nadu,0,0,1,1,1.0
aniket verma,ranji_trophy,madhya pradesh,0,0,2,2,1.0
aniket verma,col_c_k_nayudu,madhya pradesh,0,0,2,2,1.0
tom hope,ecb_club,longton,0,0,1,1,1.0
ashutosh singh,ranji_trophy,chhattisgarh,0,0,1,1,1.0
priyesh,col_c_k_nayudu,gujarat,0,0,12,12,1.0
binny,ranji_trophy,bihar,0,0,1,1,1.0
puneet chahal,syed_mushtaq_ali_trophy,delhi,0,0,3,3,1.0
angkrish raghuvanshi,syed_mushtaq_ali_trophy,mumbai,0,0,1,1,1.0
puneet chahal,ranji_trophy,delhi,0,0,3,3,1.0
madhwal a,ranji_trophy,uttarakhand,0,0,2,2,1.0
madhwal a,syed_mushtaq_ali_trophy,uttarakhand,0,0,2,2,1.0
priyesh,syed_mushtaq_ali_trophy,gujarat,0,0,12,12,1.0
priyesh,ranji_trophy,gujarat,0,0,12,12,1.0
binny,syed_mushtaq_ali_trophy,bihar,0,0,1,1,1.0
k sudharsan,syed_mushtaq_ali_trophy,andhra,0,0,1,1,1.0
k sudharsan,ranji_trophy,andhra,0,0,1,1,1.0
reshi,col_c_k_nayudu,sikkim,0,0,2,2,1.0
bhavyesh donga,ranji_trophy,saurashtra,0,0,12,12,1.0
angkrish raghuvanshi,ranji_trophy,mumbai,0,0,1,1,1.0
yuvraj singh,col_c_k_nayudu,rajasthan,0,0,1,1,1.0
a k chahal,syed_mushtaq_ali_trophy,haryana,0,0,3,3,1.0
atharva taide,ranji_trophy,vidarbha,0,0,1,1,1.0
atharva taide,syed_mushtaq_ali_trophy,vidarbha,0,0,1,1,1.0
joshua,syed_mushtaq_ali_trophy,nagaland,0,0,2,2,1.0
suryansh shedge,col_c_k_nayudu,mumbai,0,0,1,1,1.0
suryansh shedge,ranji_trophy,mumbai,0,0,1,1,1.0
suryansh shedge,syed_mushtaq_ali_trophy,mumbai,0,0,1,1,1.0
krish shahapurkar,col_c_k_nayudu,maharashtra,0,0,3,3,1.0
parthiv jayesh,col_c_k_nayudu,kerala,0,0,12,12,1.0
arjun tendulkar,syed_mushtaq_ali_trophy,goa,0,0,2,2,1.0
arjun tendulkar,ranji_trophy,goa,0,0,2,2,1.0
varun aaron,syed_mushtaq_ali_trophy,jharkhand,0,0,1,1,1.0
yuvraj singh,col_c_k_nayudu,gujarat,0,0,1,1,1.0
yuvraj singh,ranji_trophy,haryana,0,0,1,1,1.0
t khan,col_c_k_nayudu,rajasthan,0,0,2,2,1.0
joshua,ranji_trophy,nagaland,0,0,2,2,1.0
yuvraj singh,col_c_k_nayudu,haryana,0,0,1,1,1.0
jayden goodwin,sheffield_shield,wa,0,0,2,2,1.0
naveen,col_c_k_nayudu,mizoram,0,0,2,2,1.0
naveen,ranji_trophy,mizoram,0,0,2,2,1.0
naveen,syed_mushtaq_ali_trophy,mizoram,0,0,2,2,1.0
kirtivardhan upadhyay,col_c_k_nayudu,railways,0,0,2,2,1.0
angkrish raghuvanshi,col_c_k_nayudu,mumbai,0,0,1,1,1.0
jayden goodwin,domestic_one_day,wa,0,0,2,2,1.0
manthan r upadhyay,col_c_k_nayudu,gujarat,0,0,2,2,1.0
saroj,syed_mushtaq_ali_trophy,manipur,0,0,1,1,1.0
saroj,ranji_trophy,manipur,0,0,1,1,1.0
a k chahal,ranji_trophy,haryana,0,0,3,3,1.0
b yeswanth,syed_mushtaq_ali_trophy,andhra,0,4,12,16,0.75
vipraj nigam,ranji_trophy,uttar pradesh,0,1,3,4,0.75
vipraj nigam,col_c_k_nayudu,uttar pradesh,0,1,3,4,0.75
b yeswanth,col_c_k_nayudu,andhra,0,4,12,16,0.75
vipraj nigam,syed_mushtaq_ali_trophy,uttar pradesh,0,1,3,4,0.75
d l chahar,syed_mushtaq_ali_trophy,rajasthan,0,1,3,4,0.75
r d chahar,ranji_trophy,rajasthan,0,1,3,4,0.75
r d chahar,syed_mushtaq_ali_trophy,rajasthan,0,1,3,4,0.75
j singh,syed_mushtaq_ali_trophy,rajasthan,0,1,3,4,0.75
j singh,ranji_trophy,rajasthan,0,1,3,4,0.75
d l chahar,ranji_trophy,rajasthan,0,1,3,4,0.75
neel,col_c_k_nayudu,chandigarh,0,1,2,3,0.6666666666666666
karan,syed_mushtaq_ali_trophy,saurashtra,0,1,2,3,0.6666666666666666
karan,syed_mushtaq_ali_trophy,mizoram,0,1,2,3,0.6666666666666666
karan,ranji_trophy,saurashtra,0,1,2,3,0.6666666666666666
karan,col_c_k_nayudu,mizoram,0,1,2,3,0.6666666666666666
champion,col_c_k_nayudu,manipur,4,10,38,52,0.6538461538461539
rajat patidar,syed_mushtaq_ali_trophy,madhya pradesh,0,2,3,5,0.6
rajat patidar,ranji_trophy,madhya pradesh,0,2,3,5,0.6
manish pandey,ranji_trophy,karnataka,0,3,4,7,0.5714285714285714
b sai sudharsan,syed_mushtaq_ali_trophy,tamil nadu,0,3,4,7,0.5714285714285714
manish pandey,syed_mushtaq_ali_trophy,karnataka,0,3,4,7,0.5714285714285714
b sai sudharsan,ranji_trophy,tamil nadu,0,3,4,7,0.5714285714285714
ayush mhatre,col_c_k_nayudu,mumbai,1,4,8,13,0.5384615384615384
ayush mhatre,syed_mushtaq_ali_trophy,mumbai,1,4,8,13,0.5384615384615384
ayush mhatre,ranji_trophy,mumbai,1,4,8,13,0.5384615384615384
rinku singh,ranji_trophy,uttar pradesh,0,1,1,2,0.5
sam konstas,domestic_one_day,nsw,0,1,1,2,0.5
sachin baby,ranji_trophy,kerala,0,1,1,2,0.5
rinku singh,syed_mushtaq_ali_trophy,uttar pradesh,0,1,1,2,0.5
priyansh arya,syed_mushtaq_ali_trophy,delhi,1,2,5,8,0.5
sachin baby,syed_mushtaq_ali_trophy,kerala,0,1,1,2,0.5
ishant sharma,syed_mushtaq_ali_trophy,delhi,0,2,2,4,0.5
ishant sharma,ranji_trophy,delhi,0,2,2,4,0.5
shardul thakur,ranji_trophy,mumbai,0,2,2,4,0.5
sam konstas,second_xi,nsw,0,1,1,2,0.5
shashank singh,syed_mushtaq_ali_trophy,chhattisgarh,0,3,3,6,0.5
sam konstas,sheffield_shield,nsw,0,1,1,2,0.5
priyansh arya,col_c_k_nayudu,delhi,1,2,5,8,0.5
shardul thakur,syed_mushtaq_ali_trophy,mumbai,0,2,2,4,0.5
harshdeep singh,syed_mushtaq_ali_trophy,punjab,0,2,2,4,0.5
rebi,col_c_k_nayudu,arunachal pradesh,0,1,1,2,0.5
harshdeep singh,col_c_k_nayudu,punjab,0,2,2,4,0.5
shashank singh,ranji_trophy,chhattisgarh,0,3,3,6,0.5
robin minz,syed_mushtaq_ali_trophy,jharkhand,0,1,1,2,0.5
sarfaraz,syed_mushtaq_ali_trophy,mizoram,0,1,1,2,0.5
abdul samad,syed_mushtaq_ali_trophy,j  k,0,2,2,4,0.5
varun,syed_mushtaq_ali_trophy,tamil nadu,1,4,7,12,0.5
naman dhir,ranji_trophy,punjab,0,2,2,4,0.5
naman dhir,syed_mushtaq_ali_trophy,punjab,0,2,2,4,0.5
abdul samad,ranji_trophy,j  k,0,2,2,4,0.5
varun,ranji_trophy,hyderabad,1,4,7,12,0.5
varun,syed_mushtaq_ali_trophy,hyderabad,1,4,7,12,0.5
mitch marsh,sheffield_shield,wa,0,1,1,2,0.5
prem,ranji_trophy,pondicherry,2,12,16,30,0.4666666666666667
prem,syed_mushtaq_ali_trophy,pondicherry,2,12,16,30,0.4666666666666667
manish,col_c_k_nayudu,meghalaya,1,3,5,9,0.4444444444444444
nitish rana,ranji_trophy,uttar pradesh,1,6,7,14,0.42857142857142855
nitish rana,syed_mushtaq_ali_trophy,uttar pradesh,1,6,7,14,0.42857142857142855
sachin,syed_mushtaq_ali_trophy,mizoram,3,24,25,52,0.4230769230769231
sachin,ranji_trophy,mizoram,3,24,25,52,0.4230769230769231
sachin,col_c_k_nayudu,mizoram,3,24,25,52,0.4230769230769231
sachin,col_c_k_nayudu,meghalaya,3,24,25,52,0.4230769230769231
yuvraj,syed_mushtaq_ali_trophy,railways,0,3,2,5,0.4
yuvraj,ranji_trophy,railways,0,3,2,5,0.4
yuzvendra chahal,syed_mushtaq_ali_trophy,haryana,1,1,3,5,0.4
yuzvendra chahal,ranji_trophy,haryana,1,1,3,5,0.4
arshdeep singh,syed_mushtaq_ali_trophy,punjab,0,3,2,5,0.4
axar patel,syed_mushtaq_ali_trophy,gujarat,1,4,5,10,0.4
axar patel,ranji_trophy,gujarat,1,4,5,10,0.4
arshdeep singh,ranji_trophy,punjab,0,3,2,5,0.4
meet,syed_mushtaq_ali_trophy,saurashtra,3,3,8,14,0.35714285714285715
meet,col_c_k_nayudu,saurashtra,3,3,8,14,0.35714285714285715
meet,ranji_trophy,saurashtra,3,3,8,14,0.35714285714285715
dina,syed_mushtaq_ali_trophy,mizoram,1,9,7,17,0.35294117647058826
avesh khan,ranji_trophy,madhya pradesh,0,15,8,23,0.34782608695652173
avesh khan,syed_mushtaq_ali_trophy,madhya pradesh,0,15,8,23,0.34782608695652173
dev,ranji_trophy,saurashtra,7,33,31,71,0.3380281690140845
dev,col_c_k_nayudu,saurashtra,7,33,31,71,0.3380281690140845
dev,syed_mushtaq_ali_trophy,saurashtra,7,33,31,71,0.3380281690140845
karun nair,syed_mushtaq_ali_trophy,vidarbha,1,2,3,6,0.3333333333333333
piyush s,col_c_k_nayudu,vidarbha,0,2,1,3,0.3333333333333333
mukesh kumar,ranji_trophy,bengal,1,0,2,3,0.3333333333333333
mukesh kumar,syed_mushtaq_ali_trophy,bengal,1,0,2,3,0.3333333333333333
mukesh kumar,syed_mushtaq_ali_trophy,uttar pradesh,1,0,2,3,0.3333333333333333
amit,ranji_trophy,arunachal pradesh,1,4,4,9,0.3333333333333333
amit,syed_mushtaq_ali_trophy,arunachal pradesh,1,4,4,9,0.3333333333333333
mukesh kumar,ranji_trophy,uttar pradesh,1,0,2,3,0.3333333333333333
roshan,col_c_k_nayudu,sikkim,0,2,1,3,0.3333333333333333
p patidar,col_c_k_nayudu,baroda,0,2,1,3,0.3333333333333333
karun nair,ranji_trophy,vidarbha,1,2,3,6,0.3333333333333333
krishna,syed_mushtaq_ali_trophy,pondicherry,1,10,7,18,0.3333333333333333
krishna,ranji_trophy,pondicherry,1,10,7,18,0.3333333333333333
shivam dube,ranji_trophy,mumbai,1,4,4,9,0.3333333333333333
shivam dube,syed_mushtaq_ali_trophy,mumbai,1,4,4,9,0.3333333333333333
roshan,syed_mushtaq_ali_trophy,sikkim,0,2,1,3,0.3333333333333333
kartik,syed_mushtaq_ali_trophy,rajasthan,0,2,1,3,0.3333333333333333
krish,col_c_k_nayudu,saurashtra,1,17,10,28,0.32142857142857145
arya,ranji_trophy,delhi,2,11,9,22,0.3181818181818182
arya,syed_mushtaq_ali_trophy,delhi,2,11,9,22,0.3181818181818182
ajay,col_c_k_nayudu,uttarakhand,0,9,4,13,0.3076923076923077
s chahar,syed_mushtaq_ali_trophy,arunachal pradesh,2,3,5,10,0.3
ansh,col_c_k_nayudu,uttarakhand,9,38,33,80,0.3
shreyas iyer,ranji_trophy,mumbai,3,8,9,20,0.3
shreyas iyer,syed_mushtaq_ali_trophy,mumbai,3,8,9,20,0.3
rajan,ranji_trophy,uttarakhand,2,3,5,10,0.3
rajan,syed_mushtaq_ali_trophy,uttarakhand,2,3,5,10,0.3
virat kohli,syed_mushtaq_ali_trophy,delhi,3,17,12,32,0.28125
virat kohli,ranji_trophy,delhi,3,17,12,32,0.28125
manit,col_c_k_nayudu,j  k,1,6,4,11,0.2727272727272727
shivam d,col_c_k_nayudu,vidarbha,1,6,4,11,0.2727272727272727
rohit shah,ranji_trophy,meghalaya,0,8,3,11,0.2727272727272727
rohit shah,syed_mushtaq_ali_trophy,meghalaya,0,8,3,11,0.2727272727272727
vaibhav suryavanshi,ranji_trophy,bihar,1,9,5,15,0.26666666666666666
vaibhav suryavanshi,syed_mushtaq_ali_trophy,bihar,1,9,5,15,0.26666666666666666
riyan parag,ranji_trophy,assam,4,23,15,42,0.2619047619047619
riyan parag,syed_mushtaq_ali_trophy,assam,4,23,15,42,0.2619047619047619
shubman gill,ranji_trophy,punjab,0,3,1,4,0.25
himan,ranji_trophy,meghalaya,1,1,2,4,0.25
himan,syed_mushtaq_ali_trophy,meghalaya,1,1,2,4,0.25
shubman gill,syed_mushtaq_ali_trophy,punjab,0,3,1,4,0.25
anshul kamboj,syed_mushtaq_ali_trophy,haryana,0,3,1,4,0.25
glenn maxwell,domestic_one_day,victoria,0,3,1,4,0.25
arun,syed_mushtaq_ali_trophy,hyderabad,5,14,13,32,0.25
arun,ranji_trophy,sikkim,5,14,13,32,0.25
shangkar,ranji_trophy,manipur,0,3,1,4,0.25
shangkar,syed_mushtaq_ali_trophy,manipur,0,3,1,4,0.25
ashutosh sharma,syed_mushtaq_ali_trophy,railways,0,3,1,4,0.25
arun,ranji_trophy,hyderabad,5,14,13,32,0.25
arun,syed_mushtaq_ali_trophy,sikkim,5,14,13,32,0.25
ashutosh sharma,ranji_trophy,railways,0,3,1,4,0.25
anshul kamboj,ranji_trophy,haryana,0,3,1,4,0.25
sunny,col_c_k_nayudu,tamil nadu,1,1,2,4,0.25
sunny,syed_mushtaq_ali_trophy,tamil nadu,1,1,2,4,0.25
deepak,col_c_k_nayudu,bihar,4,14,11,29,0.2413793103448276
deepak,ranji_trophy,manipur,4,14,11,29,0.2413793103448276
deepak,ranji_trophy,arunachal pradesh,4,14,11,29,0.2413793103448276
deepak,syed_mushtaq_ali_trophy,rajasthan,4,14,11,29,0.2413793103448276
deepak,ranji_trophy,rajasthan,4,14,11,29,0.2413793103448276
deepak,syed_mushtaq_ali_trophy,manipur,4,14,11,29,0.2413793103448276
deepak,syed_mushtaq_ali_trophy,arunachal pradesh,4,14,11,29,0.2413793103448276
shah,syed_mushtaq_ali_trophy,manipur,6,58,28,92,0.2391304347826087
shah,ranji_trophy,manipur,6,58,28,92,0.2391304347826087
simran,col_c_k_nayudu,arunachal pradesh,2,9,6,17,0.23529411764705882
hem,ranji_trophy,nagaland,139,292,308,739,0.22868741542625168
hem,syed_mushtaq_ali_trophy,nagaland,139,292,308,739,0.22868741542625168
rohit,syed_mushtaq_ali_trophy,andhra,54,279,168,501,0.2275449101796407
rohit,ranji_trophy,manipur,54,279,168,501,0.2275449101796407
rohit,col_c_k_nayudu,manipur,54,279,168,501,0.2275449101796407
rohit,col_c_k_nayudu,bihar,54,279,168,501,0.2275449101796407
rohit,col_c_k_nayudu,meghalaya,54,279,168,501,0.2275449101796407
rohit,syed_mushtaq_ali_trophy,manipur,54,279,168,501,0.2275449101796407
rohit sharma,ranji_trophy,j  k,7,20,17,44,0.22727272727272727
rohit sharma,syed_mushtaq_ali_trophy,j  k,7,20,17,44,0.22727272727272727
rohit sharma,ranji_trophy,mumbai,7,20,17,44,0.22727272727272727
rohit sharma,syed_mushtaq_ali_trophy,mumbai,7,20,17,44,0.22727272727272727
rohi,col_c_k_nayudu,uttarakhand,54,279,167,500,0.226
kuldeep,ranji_trophy,arunachal pradesh,3,15,9,27,0.2222222222222222
kuldeep,syed_mushtaq_ali_trophy,arunachal pradesh,3,15,9,27,0.2222222222222222
rahul,ranji_trophy,sikkim,17,39,37,93,0.21505376344086022
rahul,ranji_trophy,hyderabad,17,39,37,93,0.21505376344086022
rahul,syed_mushtaq_ali_trophy,arunachal pradesh,17,39,37,93,0.21505376344086022
rahul,syed_mushtaq_ali_trophy,hyderabad,17,39,37,93,0.21505376344086022
rahul,ranji_trophy,arunachal pradesh,17,39,37,93,0.21505376344086022
rahul,col_c_k_nayudu,nagaland,17,39,37,93,0.21505376344086022
rahul,syed_mushtaq_ali_trophy,sikkim,17,39,37,93,0.21505376344086022
raj,col_c_k_nayudu,bihar,29,89,68,186,0.20967741935483872
raj,col_c_k_nayudu,saurashtra,29,89,68,186,0.20967741935483872
som,syed_mushtaq_ali_trophy,sikkim,195,468,412,1075,0.20186046511627906
som,ranji_trophy,sikkim,195,468,412,1075,0.20186046511627906
siddharth,col_c_k_nayudu,sikkim,0,4,1,5,0.2
om,col_c_k_nayudu,odisha,627,1776,1370,3773,0.1969255234561357
jitesh,col_c_k_nayudu,haryana,4,29,13,46,0.1956521739130435
dol,ranji_trophy,arunachal pradesh,3,19,9,31,0.1935483870967742
dol,syed_mushtaq_ali_trophy,arunachal pradesh,3,19,9,31,0.1935483870967742
dhruv,ranji_trophy,delhi,3,15,8,26,0.19230769230769232
dhruv,syed_mushtaq_ali_trophy,delhi,3,15,8,26,0.19230769230769232
r sharma,syed_mushtaq_ali_trophy,railways,1,15,5,21,0.19047619047619047
r sharma,ranji_trophy,railways,1,15,5,21,0.19047619047619047
mohit sharma,syed_mushtaq_ali_trophy,haryana,2,9,5,16,0.1875
mohit sharma,ranji_trophy,haryana,2,9,5,16,0.1875
surya,syed_mushtaq_ali_trophy,mumbai,4,36,14,54,0.18518518518518517
surya,ranji_trophy,mumbai,4,36,14,54,0.18518518518518517
vijay shankar,ranji_trophy,tamil nadu,3,8,6,17,0.17647058823529413
prithvi,col_c_k_nayudu,hyderabad,1,12,4,17,0.17647058823529413
vijay shankar,syed_mushtaq_ali_trophy,tamil nadu,3,8,6,17,0.17647058823529413
prithvi,ranji_trophy,hyderabad,1,12,4,17,0.17647058823529413
prithvi,syed_mushtaq_ali_trophy,hyderabad,1,12,4,17,0.17647058823529413
romario,col_c_k_nayudu,manipur,0,14,3,17,0.17647058823529413
jay,col_c_k_nayudu,goa,24,112,58,194,0.17525773195876287
aniket,col_c_k_nayudu,uttar pradesh,4,16,9,29,0.1724137931034483
aniket,col_c_k_nayudu,himachal pradesh,4,16,9,29,0.1724137931034483
deep,col_c_k_nayudu,baroda,37,115,75,227,0.16740088105726872
moji,ranji_trophy,arunachal pradesh,0,5,1,6,0.16666666666666666
prithvi shaw,syed_mushtaq_ali_trophy,mumbai,1,8,3,12,0.16666666666666666
devdutt padikkal,syed_mushtaq_ali_trophy,karnataka,0,5,1,6,0.16666666666666666
moji,syed_mushtaq_ali_trophy,arunachal pradesh,0,5,1,6,0.16666666666666666
m ashwin,syed_mushtaq_ali_trophy,j  k,0,5,1,6,0.16666666666666666
m ashwin,ranji_trophy,j  k,0,5,1,6,0.16666666666666666
prithvi shaw,ranji_trophy,mumbai,1,8,3,12,0.16666666666666666
anshul,syed_mushtaq_ali_trophy,uttarakhand,0,5,1,6,0.16666666666666666
anas,col_c_k_nayudu,bengal,1,3,2,6,0.16666666666666666
j b,ranji_trophy,gujarat,2,16,6,24,0.16666666666666666
j b,syed_mushtaq_ali_trophy,gujarat,2,16,6,24,0.16666666666666666
devdutt padikkal,ranji_trophy,karnataka,0,5,1,6,0.16666666666666666
ram,col_c_k_nayudu,arunachal pradesh,21,93,47,161,0.16149068322981366
ram,ranji_trophy,meghalaya,21,93,47,161,0.16149068322981366
ram,syed_mushtaq_ali_trophy,meghalaya,21,93,47,161,0.16149068322981366
sandeep sharma,ranji_trophy,chandigarh,4,13,8,25,0.16
sandeep sharma,syed_mushtaq_ali_trophy,chandigarh,4,13,8,25,0.16
ravi,col_c_k_nayudu,saurashtra,27,58,48,133,0.15789473684210525
eden,ranji_trophy,mizoram,7,20,13,40,0.15
eden,syed_mushtaq_ali_trophy,mizoram,7,20,13,40,0.15
k l rahul,ranji_trophy,karnataka,1,4,2,7,0.14285714285714285
nehal wadhera,syed_mushtaq_ali_trophy,punjab,2,8,4,14,0.14285714285714285
nehal wadhera,ranji_trophy,punjab,2,8,4,14,0.14285714285714285
k l rahul,syed_mushtaq_ali_trophy,karnataka,1,4,2,7,0.14285714285714285
abhishek,syed_mushtaq_ali_trophy,arunachal pradesh,13,41,23,77,0.12987012987012986
abhishek,col_c_k_nayudu,meghalaya,13,41,23,77,0.12987012987012986
arjun,col_c_k_nayudu,arunachal pradesh,2,3,3,8,0.125
arjun,syed_mushtaq_ali_trophy,nagaland,2,3,3,8,0.125
arjun,ranji_trophy,nagaland,2,3,3,8,0.125
venkatesh m,ranji_trophy,karnataka,0,7,1,8,0.125
arjun,col_c_k_nayudu,saurashtra,2,3,3,8,0.125
arjun,col_c_k_nayudu,nagaland,2,3,3,8,0.125
venkatesh m,syed_mushtaq_ali_trophy,karnataka,0,7,1,8,0.125
a sharma,col_c_k_nayudu,rajasthan,1,12,3,16,0.125
vaibhav m,col_c_k_nayudu,pondicherry,2,18,5,25,0.12
tushar,col_c_k_nayudu,uttarakhand,1,6,2,9,0.1111111111111111
a raj,ranji_trophy,bihar,1,6,2,9,0.1111111111111111
a raj,syed_mushtaq_ali_trophy,bihar,1,6,2,9,0.1111111111111111
obi,syed_mushtaq_ali_trophy,arunachal pradesh,4,9,6,19,0.10526315789473684
obi,ranji_trophy,arunachal pradesh,4,9,6,19,0.10526315789473684
shubham,col_c_k_nayudu,chandigarh,3,3,4,10,0.1
shubham,col_c_k_nayudu,uttarakhand,3,3,4,10,0.1
vijay,syed_mushtaq_ali_trophy,nagaland,7,13,10,30,0.1
vijay,ranji_trophy,nagaland,7,13,10,30,0.1
ete,syed_mushtaq_ali_trophy,arunachal pradesh,62,454,111,627,0.07814992025518341
ete,ranji_trophy,arunachal pradesh,62,454,111,627,0.07814992025518341
venkatesh iyer,ranji_trophy,madhya pradesh,1,10,2,13,0.07692307692307693
venkatesh iyer,syed_mushtaq_ali_trophy,madhya pradesh,1,10,2,13,0.07692307692307693
digvesh,syed_mushtaq_ali_trophy,delhi,8,10,10,28,0.07142857142857142
shashank,col_c_k_nayudu,pondicherry,7,33,10,50,0.06
abhishek sharma,syed_mushtaq_ali_trophy,punjab,3,14,4,21,0.047619047619047616
abhishek sharma,ranji_trophy,punjab,3,14,4,21,0.047619047619047616
ishan,syed_mushtaq_ali_trophy,jharkhand,20,58,21,99,0.010101010101010102
ishan,ranji_trophy,jharkhand,20,58,21,99,0.010101010101010102
ritesh shakya,ranji_trophy,madhya pradesh,0,1,0,1,0.0
rishant kohli,syed_mushtaq_ali_trophy,haryana,0,3,0,3,0.0
rishant kohli,ranji_trophy,haryana,0,3,0,3,0.0
rm bishnoi,ranji_trophy,gujarat,0,16,0,16,0.0
rawait khan,ecb_club,smethwick,0,1,0,1,0.0
rishabh pant,syed_mushtaq_ali_trophy,delhi,5,11,5,21,0.0
ritesh shakya,syed_mushtaq_ali_trophy,madhya pradesh,0,1,0,1,0.0
ravinderpal singh,syed_mushtaq_ali_trophy,chandigarh,0,1,0,1,0.0
ritwik roy chowdhury,syed_mushtaq_ali_trophy,bengal,0,2,0,2,0.0
reshabh dipok,col_c_k_nayudu,assam,0,7,0,7,0.0
rehan sai,col_c_k_nayudu,kerala,0,2,0,2,0.0
rishabh pant,ranji_trophy,delhi,5,11,5,21,0.0
ripudaman singh godhan,col_c_k_nayudu,chandigarh,0,2,0,2,0.0
r b bishnoi jr,syed_mushtaq_ali_trophy,rajasthan,0,1,0,1,0.0
ravinderpal singh,ranji_trophy,chandigarh,0,1,0,1,0.0
prabhsimran singh,syed_mushtaq_ali_trophy,punjab,0,1,0,1,0.0
piyush chawla,syed_mushtaq_ali_trophy,uttar pradesh,1,3,1,5,0.0
peter francis,second_xi,nsw,0,5,0,5,0.0
parvez,syed_mushtaq_ali_trophy,mizoram,0,1,0,1,0.0
parvez,ranji_trophy,mizoram,0,1,0,1,0.0
parth nagill,col_c_k_nayudu,haryana,0,1,0,1,0.0
parmit singh,col_c_k_nayudu,bengal,0,2,0,2,0.0
parav singla,col_c_k_nayudu,haryana,0,1,0,1,0.0
parameeshwaran s,syed_mushtaq_ali_trophy,pondicherry,0,1,0,1,0.0
parameeshwaran s,ranji_trophy,pondicherry,0,1,0,1,0.0
p vignesh,syed_mushtaq_ali_trophy,tamil nadu,0,1,0,1,0.0
p vignesh,col_c_k_nayudu,tamil nadu,0,1,0,1,0.0
p s kohli,syed_mushtaq_ali_trophy,baroda,0,3,0,3,0.0
p s kohli,ranji_trophy,baroda,0,3,0,3,0.0
p dewli,col_c_k_nayudu,uttarakhand,0,2,0,2,0.0
ok patkal,col_c_k_nayudu,maharashtra,0,6,0,6,0.0
odilemba,col_c_k_nayudu,nagaland,0,1,0,1,0.0
virat singh,ranji_trophy,jharkhand,0,1,0,1,0.0
nishant kushwah,syed_mushtaq_ali_trophy,railways,0,1,0,1,0.0
nishant kushwah,ranji_trophy,railways,0,1,0,1,0.0
nikhil s,col_c_k_nayudu,hyderabad,0,1,0,1,0.0
nikhil m,col_c_k_nayudu,kerala,0,1,0,1,0.0
nikhil kashyap,syed_mushtaq_ali_trophy,haryana,0,1,0,1,0.0
nikhil kashyap,ranji_trophy,haryana,0,1,0,1,0.0
nikhil kanoriya,col_c_k_nayudu,chhattisgarh,0,15,0,15,0.0
nikhil kadam,syed_mushtaq_ali_trophy,maharashtra,0,1,0,1,0.0
prabhsimran singh,ranji_trophy,punjab,0,1,0,1,0.0
prarabdha mishra,col_c_k_nayudu,madhya pradesh,0,1,0,1,0.0
raman bishnoi,syed_mushtaq_ali_trophy,chandigarh,0,16,0,16,0.0
prarabdha mishra,ranji_trophy,madhya pradesh,0,1,0,1,0.0
raman bishnoi,ranji_trophy,chandigarh,0,16,0,16,0.0
raj limbani,syed_mushtaq_ali_trophy,baroda,0,1,0,1,0.0
raj limbani,ranji_trophy,baroda,0,1,0,1,0.0
raj limbani,col_c_k_nayudu,baroda,0,1,0,1,0.0
rahul rathee,syed_mushtaq_ali_trophy,haryana,0,1,0,1,0.0
rahul rathee,ranji_trophy,haryana,0,1,0,1,0.0
rahul rathee,col_c_k_nayudu,haryana,0,1,0,1,0.0
rahul chowdhary,col_c_k_nayudu,bengal,0,2,0,2,0.0
raghav,col_c_k_nayudu,meghalaya,0,1,0,1,0.0
r v kashyap,syed_mushtaq_ali_trophy,himachal pradesh,0,1,0,1,0.0
r v kashyap,ranji_trophy,himachal pradesh,0,1,0,1,0.0
r sai kishore,syed_mushtaq_ali_trophy,tamil nadu,0,3,0,3,0.0
r sai kishore,ranji_trophy,tamil nadu,0,3,0,3,0.0
r reddy prakash,col_c_k_nayudu,andhra,0,1,0,1,0.0
r k tewatia,syed_mushtaq_ali_trophy,haryana,0,1,0,1,0.0
r k tewatia,ranji_trophy,haryana,0,1,0,1,0.0
r b bishnoi jr,ranji_trophy,rajasthan,0,1,0,1,0.0
pvsn raju,syed_mushtaq_ali_trophy,andhra,0,1,0,1,0.0
pvsn raju,ranji_trophy,andhra,0,1,0,1,0.0
prithvi raj yarra,syed_mushtaq_ali_trophy,andhra,0,3,0,3,0.0
prithvi raj yarra,ranji_trophy,andhra,0,3,0,3,0.0
prikshit kashyap,syed_mushtaq_ali_trophy,himachal pradesh,0,1,0,1,0.0
prikshit kashyap,ranji_trophy,himachal pradesh,0,1,0,1,0.0
prashid akash h,col_c_k_nayudu,tamil nadu,0,1,0,1,0.0
prarabdha mishra,syed_mushtaq_ali_trophy,madhya pradesh,0,1,0,1,0.0
rm bishnoi,syed_mushtaq_ali_trophy,gujarat,0,16,0,16,0.0
ziyad zaman,col_c_k_nayudu,assam,0,1,0,1,0.0
rohan kadam,ranji_trophy,goa,0,1,0,1,0.0
sunil bishnoi,col_c_k_nayudu,pondicherry,0,16,0,16,0.0
sumit,syed_mushtaq_ali_trophy,mizoram,0,2,0,2,0.0
sumit,syed_mushtaq_ali_trophy,sikkim,0,2,0,2,0.0
sumit kashyap,col_c_k_nayudu,assam,0,4,0,4,0.0
sumit kashyap,syed_mushtaq_ali_trophy,assam,0,4,0,4,0.0
sumit kushwah,col_c_k_nayudu,madhya pradesh,0,1,0,1,0.0
sumit kushwah,ranji_trophy,madhya pradesh,0,1,0,1,0.0
sumit kushwah,syed_mushtaq_ali_trophy,madhya pradesh,0,1,0,1,0.0
sumit nag,col_c_k_nayudu,bengal,0,2,0,2,0.0
suraj kashyap,col_c_k_nayudu,bihar,0,1,0,1,0.0
swastik,ranji_trophy,uttar pradesh,1,2,1,4,0.0
suraj vashisht,ranji_trophy,services,0,1,0,1,0.0
suraj vashisht,syed_mushtaq_ali_trophy,services,0,1,0,1,0.0
suryansh raina,ranji_trophy,j  k,0,4,0,4,0.0
suryansh raina,syed_mushtaq_ali_trophy,j  k,0,4,0,4,0.0
suyash s prabhudessai,ranji_trophy,goa,0,1,0,1,0.0
suyash s prabhudessai,syed_mushtaq_ali_trophy,goa,0,1,0,1,0.0
suyash sharma,syed_mushtaq_ali_trophy,delhi,0,2,0,2,0.0
swaroop s hipparagi,col_c_k_nayudu,karnataka,0,2,0,2,0.0
sumit,ranji_trophy,sikkim,0,2,0,2,0.0
sumit,ranji_trophy,mizoram,0,2,0,2,0.0
sumit,col_c_k_nayudu,arunachal pradesh,0,2,0,2,0.0
sukhmeet singh,syed_mushtaq_ali_trophy,bengal,0,3,0,3,0.0
soutrik das,col_c_k_nayudu,bengal,0,10,0,10,0.0
spencer johnson,domestic_one_day,sa,0,1,0,1,0.0
spencer johnson,sheffield_shield,sa,0,1,0,1,0.0
sridam paul,col_c_k_nayudu,tripura,0,1,0,1,0.0
sridam paul,ranji_trophy,tripura,0,1,0,1,0.0
sridam paul,syed_mushtaq_ali_trophy,tripura,0,1,0,1,0.0
subham chatterjee,ranji_trophy,bengal,0,2,0,2,0.0
subham chatterjee,syed_mushtaq_ali_trophy,bengal,0,2,0,2,0.0
subham mandal,ranji_trophy,assam,0,1,0,1,0.0
subham mandal,syed_mushtaq_ali_trophy,assam,0,1,0,1,0.0
subham naik,col_c_k_nayudu,odisha,0,1,0,1,0.0
subham priyadarshi,col_c_k_nayudu,odisha,0,1,0,1,0.0
subham singh,col_c_k_nayudu,bengal,0,1,0,1,0.0
subhransu senapati,ranji_trophy,madhya pradesh,0,1,0,1,0.0
subhransu senapati,syed_mushtaq_ali_trophy,madhya pradesh,0,1,0,1,0.0
subramanyam,col_c_k_nayudu,andhra,0,3,0,3,0.0
sukhmeet singh,col_c_k_nayudu,bengal,0,3,0,3,0.0
swastik,col_c_k_nayudu,uttar pradesh,1,2,1,4,0.0
swastik,syed_mushtaq_ali_trophy,uttar pradesh,1,2,1,4,0.0
somen mahanti,col_c_k_nayudu,bengal,0,2,0,2,0.0
vaibhav ramanuj,col_c_k_nayudu,saurashtra,0,1,0,1,0.0
tripuresh singh,syed_mushtaq_ali_trophy,madhya pradesh,0,1,0,1,0.0
umesh yadav,ranji_trophy,vidarbha,0,1,0,1,0.0
umesh yadav,syed_mushtaq_ali_trophy,vidarbha,0,1,0,1,0.0
umran malik,ranji_trophy,j  k,0,2,0,2,0.0
umran malik,syed_mushtaq_ali_trophy,j  k,0,2,0,2,0.0
vaibhav darkunde,col_c_k_nayudu,maharashtra,0,1,0,1,0.0
vaibhav h b,col_c_k_nayudu,baroda,0,1,0,1,0.0
vaibhav pandey,col_c_k_nayudu,railways,0,1,0,1,0.0
vaibhav s kalta,col_c_k_nayudu,himachal pradesh,0,1,0,1,0.0
swoop s bhuyan,col_c_k_nayudu,odisha,0,1,0,1,0.0
vaibhav s kalta,ranji_trophy,himachal pradesh,0,1,0,1,0.0
vaibhav s kalta,syed_mushtaq_ali_trophy,himachal pradesh,0,1,0,1,0.0
vaibhav singh,col_c_k_nayudu,pondicherry,0,1,0,1,0.0
vaibhav tehale,col_c_k_nayudu,maharashtra,0,1,0,1,0.0
vaibhav yadav,ranji_trophy,bengal,0,1,0,1,0.0
vaibhav yadav,syed_mushtaq_ali_trophy,bengal,0,1,0,1,0.0
varun raj singh bisht,col_c_k_nayudu,vidarbha,0,1,0,1,0.0
vijay r,ranji_trophy,pondicherry,1,0,1,2,0.0
tripuresh singh,ranji_trophy,madhya pradesh,0,1,0,1,0.0
tripuresh singh,col_c_k_nayudu,madhya pradesh,0,1,0,1,0.0
tripurana vijay,syed_mushtaq_ali_trophy,andhra,0,1,0,1,0.0
tripurana vijay,ranji_trophy,andhra,0,1,0,1,0.0
t natarajan,syed_mushtaq_ali_trophy,tamil nadu,0,1,0,1,0.0
tahmeed,ranji_trophy,nagaland,0,1,0,1,0.0
tahmeed,syed_mushtaq_ali_trophy,nagaland,0,1,0,1,0.0
tana james,col_c_k_nayudu,arunachal pradesh,0,2,0,2,0.0
tarun bisht,col_c_k_nayudu,delhi,0,1,0,1,0.0
techi dol,col_c_k_nayudu,arunachal pradesh,0,2,0,2,0.0
techi tania tara,col_c_k_nayudu,arunachal pradesh,0,2,0,2,0.0
teja reddy,col_c_k_nayudu,andhra,0,1,0,1,0.0
thomas brown,ecb_club,ormskirk,0,3,0,3,0.0
thomas brown,second_xi,sa,0,3,0,3,0.0
tilak varma,ranji_trophy,hyderabad,0,2,0,2,0.0
tilak varma,syed_mushtaq_ali_trophy,hyderabad,0,2,0,2,0.0
tleipuia,col_c_k_nayudu,mizoram,0,1,0,1,0.0
tleipuia,ranji_trophy,mizoram,0,1,0,1,0.0
tleipuia,syed_mushtaq_ali_trophy,mizoram,0,1,0,1,0.0
tom brooks,second_xi,victoria,0,3,0,3,0.0
tripurana vijay,col_c_k_nayudu,andhra,0,1,0,1,0.0
somokanta,col_c_k_nayudu,manipur,0,6,0,6,0.0
sohan jaif,col_c_k_nayudu,rajasthan,0,1,0,1,0.0
rohan kadam,syed_mushtaq_ali_trophy,goa,0,1,0,1,0.0
salman ahmed,col_c_k_nayudu,bengal,0,2,0,2,0.0
s akhil,syed_mushtaq_ali_trophy,andhra,0,2,0,2,0.0
s i sopariya,ranji_trophy,baroda,0,1,0,1,0.0
s i sopariya,syed_mushtaq_ali_trophy,baroda,0,1,0,1,0.0
s r athish,col_c_k_nayudu,tamil nadu,0,3,0,3,0.0
sa yadav,col_c_k_nayudu,rajasthan,0,1,0,1,0.0
sagen murmu,col_c_k_nayudu,bengal,0,1,0,1,0.0
sahil sheikh,col_c_k_nayudu,vidarbha,0,1,0,1,0.0
saksham purohit,col_c_k_nayudu,madhya pradesh,0,1,0,1,0.0
sam brooks,ecb_club,golden hill,0,3,0,3,0.0
sameer rizvi,ranji_trophy,uttar pradesh,0,10,0,10,0.0
sam frankland,ecb_club,woodlands,0,5,0,5,0.0
sam little,ecb_club,horwich rmi,0,1,0,1,0.0
sam young,ecb_club,bath,0,1,0,1,0.0
samarpit thakur,col_c_k_nayudu,chhattisgarh,0,1,0,1,0.0
sambhav parakh,col_c_k_nayudu,pondicherry,0,1,0,1,0.0
sambit kumar sahoo,col_c_k_nayudu,odisha,0,1,0,1,0.0
sambit s baral,col_c_k_nayudu,odisha,0,1,0,1,0.0
sambit s baral,syed_mushtaq_ali_trophy,odisha,0,1,0,1,0.0
s akhil,ranji_trophy,andhra,0,2,0,2,0.0
s akhil,col_c_k_nayudu,andhra,0,2,0,2,0.0
ryan brown,ecb_club,formby,0,3,0,3,0.0
rp yadav,syed_mushtaq_ali_trophy,arunachal pradesh,0,1,0,1,0.0
rohit  d,ranji_trophy,pondicherry,0,2,0,2,0.0
rohit  d,syed_mushtaq_ali_trophy,pondicherry,0,2,0,2,0.0
rohit dwivedi,col_c_k_nayudu,uttar pradesh,0,1,0,1,0.0
rohit dwivedi,ranji_trophy,uttar pradesh,0,1,0,1,0.0
rohit dwivedi,syed_mushtaq_ali_trophy,uttar pradesh,0,1,0,1,0.0
rohit ghosh,col_c_k_nayudu,tripura,0,1,0,1,0.0
rohit kumar,col_c_k_nayudu,bengal,0,1,0,1,0.0
rohit kumar,ranji_trophy,bengal,0,1,0,1,0.0
rohit kumar,syed_mushtaq_ali_trophy,bengal,0,1,0,1,0.0
rohit ram,col_c_k_nayudu,bengal,0,1,0,1,0.0
rohit sen,col_c_k_nayudu,assam,0,1,0,1,0.0
rohit sen,syed_mushtaq_ali_trophy,assam,0,1,0,1,0.0
rohit singh rajawat,col_c_k_nayudu,madhya pradesh,0,1,0,1,0.0
rohit v binkar,col_c_k_nayudu,vidarbha,0,1,0,1,0.0
roshan topno,col_c_k_nayudu,assam,0,16,0,16,0.0
rp garg,col_c_k_nayudu,rajasthan,0,1,0,1,0.0
rp yadav,ranji_trophy,arunachal pradesh,0,1,0,1,0.0
sameer rizvi,col_c_k_nayudu,uttar pradesh,0,10,0,10,0.0
sameer rizvi,syed_mushtaq_ali_trophy,uttar pradesh,0,10,0,10,0.0
snehal kauthankar,syed_mushtaq_ali_trophy,goa,0,1,0,1,0.0
shubham lamba,ranji_trophy,haryana,0,1,0,1,0.0
shlok,col_c_k_nayudu,bihar,0,6,0,6,0.0
shreshth yadav,col_c_k_nayudu,delhi,0,1,0,1,0.0
shreyas gopal,ranji_trophy,karnataka,0,2,0,2,0.0
shreyas gopal,syed_mushtaq_ali_trophy,karnataka,0,2,0,2,0.0
shubham kushwah,col_c_k_nayudu,madhya pradesh,0,1,0,1,0.0
shubham kushwah,ranji_trophy,madhya pradesh,0,1,0,1,0.0
shubham kushwah,syed_mushtaq_ali_trophy,madhya pradesh,0,1,0,1,0.0
shubham lamba,col_c_k_nayudu,haryana,0,1,0,1,0.0
shubham lamba,syed_mushtaq_ali_trophy,haryana,0,1,0,1,0.0
sanju samson,ranji_trophy,kerala,2,4,2,8,0.0
shuhel ansari,ranji_trophy,arunachal pradesh,0,2,0,2,0.0
shuhel ansari,syed_mushtaq_ali_trophy,arunachal pradesh,0,2,0,2,0.0
simarjeet singh,ranji_trophy,delhi,0,1,0,1,0.0
simarjeet singh,syed_mushtaq_ali_trophy,delhi,0,1,0,1,0.0
smaran r,col_c_k_nayudu,karnataka,0,1,0,1,0.0
smaran r,ranji_trophy,karnataka,0,1,0,1,0.0
smaran r,syed_mushtaq_ali_trophy,karnataka,0,1,0,1,0.0
snehal kauthankar,ranji_trophy,goa,0,1,0,1,0.0
vikram,col_c_k_nayudu,pondicherry,0,1,0,1,0.0
sheiteendra,syed_mushtaq_ali_trophy,manipur,0,1,0,1,0.0
sheiteendra,ranji_trophy,manipur,0,1,0,1,0.0
shehzor diwan,col_c_k_nayudu,gujarat,0,3,0,3,0.0
sanju samson,syed_mushtaq_ali_trophy,kerala,2,4,2,8,0.0
nikhil,col_c_k_nayudu,chandigarh,0,3,0,3,0.0
saurabh verma,col_c_k_nayudu,gujarat,0,1,0,1,0.0
saurav,col_c_k_nayudu,nagaland,0,2,0,2,0.0
saurav,ranji_trophy,nagaland,0,2,0,2,0.0
saurav,syed_mushtaq_ali_trophy,nagaland,0,2,0,2,0.0
saurav dey,col_c_k_nayudu,assam,0,1,0,1,0.0
saurav mousum dihingia,col_c_k_nayudu,assam,0,1,0,1,0.0
saurav mousum dihingia,syed_mushtaq_ali_trophy,assam,0,1,0,1,0.0
scott howard,ecb_club,peterborough town,0,2,0,2,0.0
sehbaaz singh,col_c_k_nayudu,chandigarh,0,2,0,2,0.0
senglong rongpi,syed_mushtaq_ali_trophy,assam,0,1,0,1,0.0
seta,ranji_trophy,saurashtra,0,1,0,1,0.0
seta,syed_mushtaq_ali_trophy,saurashtra,0,1,0,1,0.0
vikrant,syed_mushtaq_ali_trophy,arunachal pradesh,0,1,0,1,0.0
vikrant,ranji_trophy,arunachal pradesh,0,1,0,1,0.0
shashank lokesh,col_c_k_nayudu,hyderabad,0,6,0,6,0.0
nikhil,syed_mushtaq_ali_trophy,chandigarh,0,3,0,3,0.0
m sai pratheek,syed_mushtaq_ali_trophy,hyderabad,0,1,0,1,0.0
nikhil,col_c_k_nayudu,arunachal pradesh,0,3,0,3,0.0
dipjyoti saikia,col_c_k_nayudu,assam,0,1,0,1,0.0
debopratim halder,col_c_k_nayudu,railways,0,1,0,1,0.0
deepak jagbir hooda,ranji_trophy,rajasthan,0,1,0,1,0.0
deepak jagbir hooda,syed_mushtaq_ali_trophy,rajasthan,0,1,0,1,0.0
deven,col_c_k_nayudu,himachal pradesh,2,1,2,5,0.0
dhruva rajesh bhatti,col_c_k_nayudu,baroda,0,1,0,1,0.0
dip borah,col_c_k_nayudu,nagaland,0,1,0,1,0.0
dip borah,ranji_trophy,nagaland,0,1,0,1,0.0
dip borah,syed_mushtaq_ali_trophy,nagaland,0,1,0,1,0.0
dipender kush,col_c_k_nayudu,chandigarh,0,1,0,1,0.0
divij mehra,col_c_k_nayudu,delhi,0,4,0,4,0.0
dane johnson,ranji_trophy,hyderabad,0,1,0,1,0.0
divij mehra,ranji_trophy,delhi,0,4,0,4,0.0
divij mehra,syed_mushtaq_ali_trophy,delhi,0,4,0,4,0.0
divyapratap,syed_mushtaq_ali_trophy,rajasthan,0,1,0,1,0.0
dominic brown,ecb_club,kimberley institute,0,3,0,3,0.0
dushyant kachhawaha,col_c_k_nayudu,rajasthan,0,1,0,1,0.0
dvs sriram,col_c_k_nayudu,andhra,0,4,0,4,0.0
e dharani kumar,col_c_k_nayudu,andhra,0,3,0,3,0.0
ed smith,ecb_club,tamworth,0,3,0,3,0.0
eshwar,syed_mushtaq_ali_trophy,rajasthan,0,1,0,1,0.0
dane johnson,syed_mushtaq_ali_trophy,hyderabad,0,1,0,1,0.0
damandeep singh,col_c_k_nayudu,railways,0,1,0,1,0.0
yash kadam,syed_mushtaq_ali_trophy,vidarbha,0,1,0,1,0.0
bipin,col_c_k_nayudu,meghalaya,0,1,0,1,0.0
bhargav bhatt,syed_mushtaq_ali_trophy,baroda,0,1,0,1,0.0
bhargav nandi,col_c_k_nayudu,andhra,0,1,0,1,0.0
bhavishya bhavesh patel,col_c_k_nayudu,baroda,0,1,0,1,0.0
bhim,ranji_trophy,sikkim,0,1,0,1,0.0
bhim,syed_mushtaq_ali_trophy,sikkim,0,1,0,1,0.0
bhushan subba,ranji_trophy,sikkim,0,1,0,1,0.0
bhushan subba,syed_mushtaq_ali_trophy,sikkim,0,1,0,1,0.0
bhuvneshwar kumar,ranji_trophy,uttar pradesh,0,1,0,1,0.0
bhuvneshwar kumar,syed_mushtaq_ali_trophy,uttar pradesh,0,1,0,1,0.0
boopathi vaishna kumar m,col_c_k_nayudu,tamil nadu,0,1,0,1,0.0
daaryoush ahmed,ecb_club,golden hill,0,1,0,1,0.0
boopathi vaishna kumar m,ranji_trophy,tamil nadu,0,1,0,1,0.0
boopathi vaishna kumar m,syed_mushtaq_ali_trophy,tamil nadu,0,1,0,1,0.0
bora,ranji_trophy,uttarakhand,0,4,0,4,0.0
bora,syed_mushtaq_ali_trophy,uttarakhand,0,4,0,4,0.0
brody couch,domestic_one_day,wa,0,3,0,3,0.0
brody couch,sheffield_shield,wa,0,3,0,3,0.0
charlie brain,ecb_club,bath,0,3,0,3,0.0
christopher garrard,ecb_club,witham,0,1,0,1,0.0
christopher hewison,ecb_club,south northumberland,0,1,0,1,0.0
fazil  rashid,ranji_trophy,j  k,0,1,0,1,0.0
fazil  rashid,syed_mushtaq_ali_trophy,j  k,0,1,0,1,0.0
fraser hawkins,ecb_club,moddershall  oulton,0,5,0,5,0.0
harry conway,second_xi,sa,0,3,0,3,0.0
hage tama,syed_mushtaq_ali_trophy,arunachal pradesh,0,1,0,1,0.0
hardik chowdhry,ranji_trophy,chandigarh,0,2,0,2,0.0
hardik chowdhry,syed_mushtaq_ali_trophy,chandigarh,0,2,0,2,0.0
harnoor singh,col_c_k_nayudu,punjab,0,15,0,15,0.0
harnoor singh,ranji_trophy,punjab,0,15,0,15,0.0
harnoor singh,syed_mushtaq_ali_trophy,punjab,0,15,0,15,0.0
harpreet brar,ranji_trophy,punjab,1,2,1,4,0.0
harpreet brar,syed_mushtaq_ali_trophy,punjab,1,2,1,4,0.0
harry conway,domestic_one_day,sa,0,3,0,3,0.0
harry conway,sheffield_shield,sa,0,3,0,3,0.0
fred egleston,ecb_club,wakefield thornes,0,5,0,5,0.0
harry dhaliwal,syed_mushtaq_ali_trophy,punjab,0,3,0,3,0.0
harry matthias,domestic_one_day,sa,0,3,0,3,0.0
harry matthias,second_xi,sa,0,3,0,3,0.0
harry matthias,sheffield_shield,sa,0,3,0,3,0.0
harry nielsen,domestic_one_day,sa,0,3,0,3,0.0
harry nielsen,second_xi,sa,0,3,0,3,0.0
harry nielsen,sheffield_shield,sa,0,3,0,3,0.0
harsh tanna,ranji_trophy,mumbai,0,1,0,1,0.0
nick langford,ecb_club,cuckney,0,1,0,1,0.0
hage tama,ranji_trophy,arunachal pradesh,0,1,0,1,0.0
h a walunj,syed_mushtaq_ali_trophy,maharashtra,0,1,0,1,0.0
h a walunj,ranji_trophy,maharashtra,0,1,0,1,0.0
gurjapneet,syed_mushtaq_ali_trophy,tamil nadu,0,2,0,2,0.0
freddie doorbar,ecb_club,longton,0,5,0,5,0.0
g rithish reddy,col_c_k_nayudu,hyderabad,0,3,0,3,0.0
g rithish reddy,ranji_trophy,hyderabad,0,3,0,3,0.0
g rithish reddy,syed_mushtaq_ali_trophy,hyderabad,0,3,0,3,0.0
g sumith,col_c_k_nayudu,andhra,0,4,0,4,0.0
gaurang,col_c_k_nayudu,saurashtra,0,1,0,1,0.0
gaurang,ranji_trophy,saurashtra,0,1,0,1,0.0
gaurang,syed_mushtaq_ali_trophy,saurashtra,0,1,0,1,0.0
gaurav chaturvedi,col_c_k_nayudu,chhattisgarh,0,1,0,1,0.0
gaurav mehra,col_c_k_nayudu,delhi,0,3,0,3,0.0
gaurav sabharwal,col_c_k_nayudu,delhi,0,1,0,1,0.0
gauravdeep singh gill,col_c_k_nayudu,chandigarh,0,2,0,2,0.0
gavineal marpna,col_c_k_nayudu,meghalaya,0,1,0,1,0.0
george politis,ecb_club,ormskirk,0,1,0,1,0.0
girraj sharma,col_c_k_nayudu,madhya pradesh,0,3,0,3,0.0
gopal kumar kamti,ranji_trophy,arunachal pradesh,0,1,0,1,0.0
gopal kumar kamti,syed_mushtaq_ali_trophy,arunachal pradesh,0,1,0,1,0.0
gsp teja,col_c_k_nayudu,andhra,0,3,0,3,0.0
gurjapneet,ranji_trophy,tamil nadu,0,2,0,2,0.0
bhargav bhatt,ranji_trophy,baroda,0,1,0,1,0.0
bhagyarajsinh chudasama,syed_mushtaq_ali_trophy,saurashtra,0,1,0,1,0.0
bhagyarajsinh chudasama,ranji_trophy,saurashtra,0,1,0,1,0.0
aditya yadav,col_c_k_nayudu,saurashtra,0,1,0,1,0.0
abhishek thakur,col_c_k_nayudu,arunachal pradesh,0,2,0,2,0.0
abhishek thakur,col_c_k_nayudu,himachal pradesh,0,2,0,2,0.0
abid mushtaq,ranji_trophy,j  k,0,1,0,1,0.0
abid mushtaq,syed_mushtaq_ali_trophy,j  k,0,1,0,1,0.0
abir kohli,col_c_k_nayudu,punjab,0,3,0,3,0.0
abishek,col_c_k_nayudu,sikkim,0,6,0,6,0.0
adam london,ecb_club,richmond,0,1,0,1,0.0
adam tillcock,ecb_club,cuckney,0,1,0,1,0.0
aditya vinod giri,col_c_k_nayudu,mumbai,0,15,0,15,0.0
yuvrajsinh shinol,syed_mushtaq_ali_trophy,saurashtra,0,15,0,15,0.0
anandh bhowmik,col_c_k_nayudu,tripura,0,2,0,2,0.0
yuvrajsinh shinol,ranji_trophy,saurashtra,0,15,0,15,0.0
yuvrajsinh shinol,col_c_k_nayudu,saurashtra,0,15,0,15,0.0
akula vijay,col_c_k_nayudu,andhra,0,4,0,4,0.0
akula vijay,ranji_trophy,andhra,0,4,0,4,0.0
akula vijay,syed_mushtaq_ali_trophy,andhra,0,4,0,4,0.0
ali ahmed,col_c_k_nayudu,bengal,0,2,0,2,0.0
alok kumar,ranji_trophy,bihar,0,7,0,7,0.0
alok kumar,syed_mushtaq_ali_trophy,bihar,0,7,0,7,0.0
aman meena,col_c_k_nayudu,rajasthan,0,1,0,1,0.0
abhinav manohar,syed_mushtaq_ali_trophy,karnataka,1,17,1,19,0.0
abhinav manohar,ranji_trophy,karnataka,1,17,1,19,0.0
abhimanyu,syed_mushtaq_ali_trophy,uttarakhand,0,1,0,1,0.0
abhimanyu,ranji_trophy,uttarakhand,0,1,0,1,0.0
a lalith mohan,ranji_trophy,andhra,0,1,0,1,0.0
a lalith mohan,syed_mushtaq_ali_trophy,andhra,0,1,0,1,0.0
a p vashisht,ranji_trophy,himachal pradesh,0,1,0,1,0.0
a p vashisht,syed_mushtaq_ali_trophy,himachal pradesh,0,1,0,1,0.0
a sasank srivats,col_c_k_nayudu,andhra,0,5,0,5,0.0
aaradhya yadav,col_c_k_nayudu,uttar pradesh,0,1,0,1,0.0
aaradhya yadav,ranji_trophy,uttar pradesh,0,1,0,1,0.0
aaradhya yadav,syed_mushtaq_ali_trophy,uttar pradesh,0,1,0,1,0.0
abdul ajij kuraishi,col_c_k_nayudu,assam,0,1,0,1,0.0
abdul ajij kuraishi,ranji_trophy,assam,0,1,0,1,0.0
abdul ajij kuraishi,syed_mushtaq_ali_trophy,assam,0,1,0,1,0.0
abdul anas khan,col_c_k_nayudu,chhattisgarh,0,1,0,1,0.0
abdul bazith p a,ranji_trophy,kerala,0,1,0,1,0.0
abdul bazith p a,syed_mushtaq_ali_trophy,kerala,0,1,0,1,0.0
abdul rehman,col_c_k_nayudu,uttar pradesh,0,1,0,1,0.0
abdul rehman,ranji_trophy,uttar pradesh,0,1,0,1,0.0
abdul rehman,syed_mushtaq_ali_trophy,uttar pradesh,0,1,0,1,0.0
abdul waseem,col_c_k_nayudu,uttar pradesh,0,1,0,1,0.0
abdullah tahir,ecb_club,wollaton,0,1,0,1,0.0
ambrish kumar singh,col_c_k_nayudu,chhattisgarh,0,1,0,1,0.0
andre siddarth,col_c_k_nayudu,tamil nadu,0,1,0,1,0.0
bhagyarajsinh chudasama,col_c_k_nayudu,saurashtra,0,1,0,1,0.0
ashwani kumar,syed_mushtaq_ali_trophy,punjab,0,2,0,2,0.0
arpit subhas,syed_mushtaq_ali_trophy,meghalaya,0,1,0,1,0.0
aryadevsinh vaghela,col_c_k_nayudu,gujarat,0,1,0,1,0.0
aryan,ranji_trophy,meghalaya,1,3,1,5,0.0
aryan,syed_mushtaq_ali_trophy,meghalaya,1,3,1,5,0.0
aryan chavda,col_c_k_nayudu,baroda,0,1,0,1,0.0
aryan kushwah,col_c_k_nayudu,madhya pradesh,0,1,0,1,0.0
aseem kohli,col_c_k_nayudu,punjab,0,3,0,3,0.0
ashley jeffrey,second_xi,wa,0,5,0,5,0.0
ashwani kumar,ranji_trophy,punjab,0,2,0,2,0.0
asif ali,col_c_k_nayudu,kerala,0,1,0,1,0.0
andre siddarth,ranji_trophy,tamil nadu,0,1,0,1,0.0
asif iqubal,col_c_k_nayudu,bihar,0,1,0,1,0.0
asif washimul haque,ranji_trophy,assam,0,1,0,1,0.0
asif washimul haque,syed_mushtaq_ali_trophy,assam,0,1,0,1,0.0
atif bin mushtaq,col_c_k_nayudu,j  k,0,2,0,2,0.0
avinash,col_c_k_nayudu,railways,0,1,0,1,0.0
aviraj singh gill,col_c_k_nayudu,chandigarh,0,1,0,1,0.0
b chungya,col_c_k_nayudu,arunachal pradesh,0,2,0,2,0.0
bamyibe npanme,col_c_k_nayudu,nagaland,0,1,0,1,0.0
ben seabrook,ecb_club,penzance,0,3,0,3,0.0
arpit subhas,ranji_trophy,meghalaya,0,1,0,1,0.0
arpit singh,syed_mushtaq_ali_trophy,chandigarh,0,1,0,1,0.0
arpit singh,ranji_trophy,chandigarh,0,1,0,1,0.0
arpit rana,syed_mushtaq_ali_trophy,delhi,0,1,0,1,0.0
andre siddarth,syed_mushtaq_ali_trophy,tamil nadu,0,1,0,1,0.0
animesh kumar,col_c_k_nayudu,bihar,0,2,0,2,0.0
ankit,col_c_k_nayudu,arunachal pradesh,0,1,0,1,0.0
ankit,col_c_k_nayudu,railways,0,1,0,1,0.0
ankit,ranji_trophy,uttarakhand,0,1,0,1,0.0
ankit,syed_mushtaq_ali_trophy,uttarakhand,0,1,0,1,0.0
anubhav,col_c_k_nayudu,uttar pradesh,0,1,0,1,0.0
anuj rawat,ranji_trophy,delhi,0,1,0,1,0.0
anuj rawat,syed_mushtaq_ali_trophy,delhi,0,1,0,1,0.0
arindam barman,col_c_k_nayudu,tripura,0,1,0,1,0.0
arjun eranna sakrola,ranji_trophy,arunachal pradesh,0,1,0,1,0.0
arjun eranna sakrola,syed_mushtaq_ali_trophy,arunachal pradesh,0,1,0,1,0.0
arjun ingle,col_c_k_nayudu,vidarbha,0,1,0,1,0.0
arjun venugopal,col_c_k_nayudu,kerala,0,1,0,1,0.0
arpan walia,col_c_k_nayudu,punjab,0,1,0,1,0.0
arpit,col_c_k_nayudu,railways,0,1,0,1,0.0
arpit n guleria,ranji_trophy,himachal pradesh,0,1,0,1,0.0
arpit n guleria,syed_mushtaq_ali_trophy,himachal pradesh,0,1,0,1,0.0
arpit rana,col_c_k_nayudu,delhi,0,1,0,1,0.0
harsha vardhan,col_c_k_nayudu,andhra,0,3,0,3,0.0
harsh tanna,syed_mushtaq_ali_trophy,mumbai,0,1,0,1,0.0
yash kadam,ranji_trophy,vidarbha,0,1,0,1,0.0
m s rathee,ranji_trophy,services,0,1,0,1,0.0
m hemanth reddy,ranji_trophy,andhra,0,1,0,1,0.0
m hemanth reddy,syed_mushtaq_ali_trophy,andhra,0,1,0,1,0.0
m lekhaz,col_c_k_nayudu,andhra,0,2,0,2,0.0
m lekhaz,ranji_trophy,andhra,0,2,0,2,0.0
m lekhaz,syed_mushtaq_ali_trophy,andhra,0,2,0,2,0.0
m prasidh,ranji_trophy,karnataka,0,3,0,3,0.0
m prasidh,syed_mushtaq_ali_trophy,karnataka,0,3,0,3,0.0
m ravi kiran,col_c_k_nayudu,andhra,0,2,0,2,0.0
m s bhandage,syed_mushtaq_ali_trophy,karnataka,0,1,0,1,0.0
m s rathee,syed_mushtaq_ali_trophy,services,0,1,0,1,0.0
mann bhatt,col_c_k_nayudu,saurashtra,0,1,0,1,0.0
m sai pratheek,ranji_trophy,hyderabad,0,1,0,1,0.0
m v bhavendra reddy,col_c_k_nayudu,andhra,0,1,0,1,0.0
mahesh pithiya,col_c_k_nayudu,baroda,0,1,0,1,0.0
mahesh pithiya,ranji_trophy,baroda,0,1,0,1,0.0
mahesh pithiya,syed_mushtaq_ali_trophy,baroda,0,1,0,1,0.0
manan bhatt,col_c_k_nayudu,mumbai,0,1,0,1,0.0
manan vohra,ranji_trophy,chandigarh,0,1,0,1,0.0
manan vohra,syed_mushtaq_ali_trophy,chandigarh,0,1,0,1,0.0
manav vashisht,col_c_k_nayudu,punjab,0,1,0,1,0.0
m hemanth reddy,col_c_k_nayudu,andhra,0,1,0,1,0.0
m abhinav,syed_mushtaq_ali_trophy,andhra,0,3,0,3,0.0
m abhinav,col_c_k_nayudu,andhra,0,3,0,3,0.0
lunthu martin,col_c_k_nayudu,nagaland,0,1,0,1,0.0
kuldeep singh yadav,syed_mushtaq_ali_trophy,uttar pradesh,0,1,0,1,0.0
lakshay sehrawat,col_c_k_nayudu,delhi,0,2,0,2,0.0
lakshyajeet p,col_c_k_nayudu,baroda,0,1,0,1,0.0
lalit kumar,ranji_trophy,arunachal pradesh,0,1,0,1,0.0
lalit kumar,syed_mushtaq_ali_trophy,arunachal pradesh,0,1,0,1,0.0
lalit yadav,ranji_trophy,delhi,0,1,0,1,0.0
lalit yadav,ranji_trophy,vidarbha,0,1,0,1,0.0
lalit yadav,syed_mushtaq_ali_trophy,delhi,0,1,0,1,0.0
lalit yadav,syed_mushtaq_ali_trophy,vidarbha,0,1,0,1,0.0
langlonyamba m,ranji_trophy,manipur,0,1,0,1,0.0
langlonyamba m,syed_mushtaq_ali_trophy,manipur,0,1,0,1,0.0
lerry,ranji_trophy,meghalaya,0,3,0,3,0.0
lerry,syed_mushtaq_ali_trophy,meghalaya,0,3,0,3,0.0
liam blackford,second_xi,victoria,0,1,0,1,0.0
likha tayam,col_c_k_nayudu,arunachal pradesh,0,1,0,1,0.0
lokendra singh rathore,col_c_k_nayudu,rajasthan,0,6,0,6,0.0
lokesh g chauhan,col_c_k_nayudu,himachal pradesh,0,6,0,6,0.0
lokesh kumar,ranji_trophy,arunachal pradesh,0,6,0,6,0.0
lokesh kumar,syed_mushtaq_ali_trophy,arunachal pradesh,0,6,0,6,0.0
manav vashisht,syed_mushtaq_ali_trophy,punjab,0,1,0,1,0.0
warrier,syed_mushtaq_ali_trophy,tamil nadu,0,3,0,3,0.0
kuldeep sen,syed_mushtaq_ali_trophy,madhya pradesh,0,1,0,1,0.0
vishvajeet mishra,col_c_k_nayudu,bengal,0,2,0,2,0.0
mridul p surroch,ranji_trophy,himachal pradesh,0,3,0,3,0.0
mridul p surroch,syed_mushtaq_ali_trophy,himachal pradesh,0,3,0,3,0.0
muhammad hassan hameed,ecb_club,wanstead  snaresbrook,0,1,0,1,0.0
muhammed kaif,col_c_k_nayudu,kerala,0,1,0,1,0.0
mujtaba yousuf,col_c_k_nayudu,j  k,0,1,0,1,0.0
mukesh,ranji_trophy,uttarakhand,2,13,2,17,0.0
mukesh,syed_mushtaq_ali_trophy,uttarakhand,2,13,2,17,0.0
musaif ajaz,col_c_k_nayudu,j  k,0,1,0,1,0.0
musaif ajaz,syed_mushtaq_ali_trophy,j  k,0,1,0,1,0.0
virat singh,syed_mushtaq_ali_trophy,jharkhand,0,1,0,1,0.0
warrier,ranji_trophy,tamil nadu,0,3,0,3,0.0
nabam india,col_c_k_nayudu,arunachal pradesh,0,1,0,1,0.0
naman gaurav,col_c_k_nayudu,bihar,0,1,0,1,0.0
nara weshi,col_c_k_nayudu,arunachal pradesh,0,2,0,2,0.0
natha shehbaj,col_c_k_nayudu,baroda,0,3,0,3,0.0
negi,col_c_k_nayudu,uttarakhand,0,2,0,2,0.0
nehal pajni,ranji_trophy,chandigarh,0,1,0,1,0.0
nehal pajni,syed_mushtaq_ali_trophy,chandigarh,0,1,0,1,0.0
nic broes,second_xi,australian capital territory,0,3,0,3,0.0
nich mima,col_c_k_nayudu,arunachal pradesh,0,2,0,2,0.0
mridul p surroch,col_c_k_nayudu,himachal pradesh,0,3,0,3,0.0
money grewal,syed_mushtaq_ali_trophy,delhi,0,4,0,4,0.0
money grewal,ranji_trophy,delhi,0,4,0,4,0.0
mohit,syed_mushtaq_ali_trophy,rajasthan,5,13,5,23,0.0
vivek vashisht,syed_mushtaq_ali_trophy,chandigarh,0,1,0,1,0.0
vivek vashisht,ranji_trophy,chandigarh,0,1,0,1,0.0
md arif,col_c_k_nayudu,sikkim,0,1,0,1,0.0
md saif,col_c_k_nayudu,mumbai,0,1,0,1,0.0
meet bhavsar,col_c_k_nayudu,rajasthan,0,2,0,2,0.0
meet bhavsar,syed_mushtaq_ali_trophy,rajasthan,0,2,0,2,0.0
meet g,col_c_k_nayudu,saurashtra,0,1,0,1,0.0
mehul v pathania,col_c_k_nayudu,himachal pradesh,0,2,0,2,0.0
milind mondal,col_c_k_nayudu,bengal,0,2,0,2,0.0
mindu tsering,col_c_k_nayudu,arunachal pradesh,0,2,0,2,0.0
mit mangukiya,col_c_k_nayudu,baroda,0,2,0,2,0.0
mohammad afreedi,ranji_trophy,hyderabad,0,5,0,5,0.0
mohammad afreedi,syed_mushtaq_ali_trophy,hyderabad,0,5,0,5,0.0
mohammed shami,ranji_trophy,bengal,0,2,0,2,0.0
mohammed shami,syed_mushtaq_ali_trophy,bengal,0,2,0,2,0.0
mohammed waseef mukadam,syed_mushtaq_ali_trophy,pondicherry,0,1,0,1,0.0
mohd abdul adnan,col_c_k_nayudu,hyderabad,0,1,0,1,0.0
mohd abdul adnan,syed_mushtaq_ali_trophy,hyderabad,0,1,0,1,0.0
mohit,ranji_trophy,rajasthan,5,13,5,23,0.0
yash dayal,syed_mushtaq_ali_trophy,uttar pradesh,2,9,2,13,0.0
kuldeep singh yadav,ranji_trophy,uttar pradesh,0,1,0,1,0.0
vijay r,syed_mushtaq_ali_trophy,pondicherry,1,0,1,2,0.0
ishan afridi,ranji_trophy,madhya pradesh,0,5,0,5,0.0
joe seager,ecb_club,tamworth,0,1,0,1,0.0
johnson,ranji_trophy,manipur,0,1,0,1,0.0
johnson,syed_mushtaq_ali_trophy,manipur,0,1,0,1,0.0
ishan afridi,col_c_k_nayudu,madhya pradesh,0,5,0,5,0.0
hrithik shokeen,ranji_trophy,delhi,0,6,0,6,0.0
josh little,ecb_club,horwich rmi,0,1,0,1,0.0
joshua brown,domestic_one_day,victoria,0,3,0,3,0.0
jotin pheiroijam,ranji_trophy,manipur,0,1,0,1,0.0
jotin pheiroijam,syed_mushtaq_ali_trophy,manipur,0,1,0,1,0.0
k nikhileshwar,col_c_k_nayudu,andhra,0,7,0,7,0.0
k nithish kumar reddy,col_c_k_nayudu,andhra,0,12,0,12,0.0
k nithish kumar reddy,ranji_trophy,andhra,0,12,0,12,0.0
k nithish kumar reddy,syed_mushtaq_ali_trophy,andhra,0,12,0,12,0.0
k revanth reddy,col_c_k_nayudu,andhra,0,3,0,3,0.0
k revanth reddy,ranji_trophy,andhra,0,3,0,3,0.0
k revanth reddy,syed_mushtaq_ali_trophy,andhra,0,3,0,3,0.0
k rohit rayudu,ranji_trophy,hyderabad,0,1,0,1,0.0
kuldeep sen,ranji_trophy,madhya pradesh,0,1,0,1,0.0
k rohit rayudu,syed_mushtaq_ali_trophy,hyderabad,0,1,0,1,0.0
jitumoni kalita,syed_mushtaq_ali_trophy,assam,0,1,0,1,0.0
jitumoni kalita,ranji_trophy,assam,0,1,0,1,0.0
jhathavedh subramanyan,syed_mushtaq_ali_trophy,tamil nadu,0,1,0,1,0.0
jake fraser-mcgurk,sheffield_shield,sa,0,5,0,5,0.0
ishan chopra,col_c_k_nayudu,delhi,0,1,0,1,0.0
ishan sharma,col_c_k_nayudu,hyderabad,0,1,0,1,0.0
j k bhatt,col_c_k_nayudu,gujarat,0,1,0,1,0.0
j unadkat,ranji_trophy,saurashtra,0,1,0,1,0.0
j unadkat,syed_mushtaq_ali_trophy,saurashtra,0,1,0,1,0.0
jahir ahammed,col_c_k_nayudu,bengal,0,2,0,2,0.0
jairam kasyap,col_c_k_nayudu,hyderabad,0,1,0,1,0.0
jake fraser-mcgurk,domestic_one_day,sa,0,5,0,5,0.0
james southgate,ecb_club,east molesey,0,10,0,10,0.0
jhathavedh subramanyan,ranji_trophy,tamil nadu,0,1,0,1,0.0
jaskirat singh mehra,col_c_k_nayudu,chandigarh,0,4,0,4,0.0
jatin vashisht,col_c_k_nayudu,arunachal pradesh,0,3,0,3,0.0
jay bhavsar,ranji_trophy,arunachal pradesh,0,1,0,1,0.0
jay bhavsar,syed_mushtaq_ali_trophy,arunachal pradesh,0,1,0,1,0.0
jayant tambi,col_c_k_nayudu,rajasthan,0,1,0,1,0.0
jayanta bhattacharajee,col_c_k_nayudu,tripura,0,1,0,1,0.0
jaymeet patel,ranji_trophy,gujarat,0,1,0,1,0.0
jaymeet patel,syed_mushtaq_ali_trophy,gujarat,0,1,0,1,0.0
k s raju,col_c_k_nayudu,andhra,0,4,0,4,0.0
k s raju,ranji_trophy,andhra,0,4,0,4,0.0
k s raju,syed_mushtaq_ali_trophy,andhra,0,4,0,4,0.0
khurram reja khan,ranji_trophy,arunachal pradesh,0,3,0,3,0.0
kashyap bakle,ranji_trophy,goa,0,1,0,1,0.0
kashyap bakle,syed_mushtaq_ali_trophy,goa,0,1,0,1,0.0
kashyap suva,col_c_k_nayudu,saurashtra,0,1,0,1,0.0
kaushal hattangadi,col_c_k_nayudu,goa,0,1,0,1,0.0
kaushal s tambe,col_c_k_nayudu,maharashtra,0,1,0,1,0.0
kazi junaid saifi,ranji_trophy,bengal,0,1,0,1,0.0
kazi junaid saifi,syed_mushtaq_ali_trophy,bengal,0,1,0,1,0.0
kevin christopher,col_c_k_nayudu,meghalaya,0,2,0,2,0.0
kevin mehta,col_c_k_nayudu,baroda,0,4,0,4,0.0
khurram reja khan,syed_mushtaq_ali_trophy,arunachal pradesh,0,3,0,3,0.0
k s s jayanth,col_c_k_nayudu,andhra,0,6,0,6,0.0
kivnoor singh,col_c_k_nayudu,chhattisgarh,0,15,0,15,0.0
krains fuletra,col_c_k_nayudu,saurashtra,0,3,0,3,0.0
krains fuletra,ranji_trophy,saurashtra,0,3,0,3,0.0
krains fuletra,syed_mushtaq_ali_trophy,saurashtra,0,3,0,3,0.0
yash dayal,ranji_trophy,uttar pradesh,2,9,2,13,0.0
kritagya k k singh,ranji_trophy,uttar pradesh,0,1,0,1,0.0
kritagya k k singh,syed_mushtaq_ali_trophy,uttar pradesh,0,1,0,1,0.0
wilf la fontaine jackson,ecb_club,st cross symondians,0,1,0,1,0.0
kuldeep chouhan,col_c_k_nayudu,baroda,0,1,0,1,0.0
kartik tyagi,syed_mushtaq_ali_trophy,uttar pradesh,0,1,0,1,0.0
kartik tyagi,ranji_trophy,uttar pradesh,0,1,0,1,0.0
kartik bhatt,col_c_k_nayudu,uttarakhand,0,1,0,1,0.0
karn sharma,syed_mushtaq_ali_trophy,railways,2,5,2,9,0.0
kamal,ranji_trophy,uttarakhand,0,1,0,1,0.0
kamal,syed_mushtaq_ali_trophy,uttarakhand,0,1,0,1,0.0
kamlesh nagarkoti,ranji_trophy,rajasthan,0,1,0,1,0.0
kamlesh nagarkoti,syed_mushtaq_ali_trophy,rajasthan,0,1,0,1,0.0
kamsha yangfo,ranji_trophy,arunachal pradesh,0,1,0,1,0.0
kamsha yangfo,syed_mushtaq_ali_trophy,arunachal pradesh,0,1,0,1,0.0
kanhaiya bhatt,col_c_k_nayudu,uttarakhand,0,1,0,1,0.0
karan kannan,col_c_k_nayudu,pondicherry,0,1,0,1,0.0
karan lamba,col_c_k_nayudu,rajasthan,0,1,0,1,0.0
karan lamba,ranji_trophy,rajasthan,0,1,0,1,0.0
karan lamba,syed_mushtaq_ali_trophy,rajasthan,0,1,0,1,0.0
karan sharma,col_c_k_nayudu,chandigarh,1,1,1,3,0.0
karan sharma,ranji_trophy,uttar pradesh,1,1,1,3,0.0
karan sharma,syed_mushtaq_ali_trophy,uttar pradesh,1,1,1,3,0.0
karl brown,ecb_club,leigh,0,3,0,3,0.0
karn kashyap,col_c_k_nayudu,delhi,0,1,0,1,0.0
karn sharma,ranji_trophy,railways,2,5,2,9,0.0
ishan afridi,syed_mushtaq_ali_trophy,madhya pradesh,0,5,0,5,0.0
harsh,col_c_k_nayudu,uttarakhand,27,46,21,94,-0.06382978723404255
travis head,sheffield_shield,sa,8,14,5,27,-0.1111111111111111
bharat,col_c_k_nayudu,meghalaya,1,6,0,7,-0.14285714285714285
badal,col_c_k_nayudu,odisha,1,5,0,6,-0.16666666666666666
josh inglis,domestic_one_day,wa,1,4,0,5,-0.2
josh inglis,sheffield_shield,wa,1,4,0,5,-0.2
mayank agarawal,syed_mushtaq_ali_trophy,karnataka,2,1,1,4,-0.25
mayank agarawal,ranji_trophy,karnataka,2,1,1,4,-0.25
mayank yadav,col_c_k_nayudu,chhattisgarh,1,2,0,3,-0.3333333333333333
mayank yadav,ranji_trophy,delhi,1,2,0,3,-0.3333333333333333
mayank yadav,syed_mushtaq_ali_trophy,delhi,1,2,0,3,-0.3333333333333333
b sachin,col_c_k_nayudu,tamil nadu,1,2,0,3,-0.3333333333333333
ajinkya rahane,syed_mushtaq_ali_trophy,mumbai,1,2,0,3,-0.3333333333333333
ajinkya rahane,ranji_trophy,mumbai,1,2,0,3,-0.3333333333333333
mayank yadav,ranji_trophy,chhattisgarh,1,2,0,3,-0.3333333333333333
mayank yadav,syed_mushtaq_ali_trophy,chhattisgarh,1,2,0,3,-0.3333333333333333
harshit,col_c_k_nayudu,chandigarh,13,8,4,25,-0.36
harshit,col_c_k_nayudu,bihar,13,8,4,25,-0.36
nitish reddy,ranji_trophy,hyderabad,4,2,1,7,-0.42857142857142855
nitish reddy,syed_mushtaq_ali_trophy,hyderabad,4,2,1,7,-0.42857142857142855
harshit rana,ranji_trophy,delhi,8,3,2,13,-0.46153846153846156
harshit rana,syed_mushtaq_ali_trophy,delhi,8,3,2,13,-0.46153846153846156
n yadav,ranji_trophy,services,2,2,0,4,-0.5
ravinder,ranji_trophy,uttarakhand,1,1,0,2,-0.5
shahrukh khan,syed_mushtaq_ali_trophy,tamil nadu,1,1,0,2,-0.5
ravinder,syed_mushtaq_ali_trophy,uttarakhand,1,1,0,2,-0.5
shahrukh khan,ranji_trophy,tamil nadu,1,1,0,2,-0.5
n yadav,syed_mushtaq_ali_trophy,services,2,2,0,4,-0.5
harshit m,col_c_k_nayudu,baroda,3,2,0,5,-0.6
annam takshith rao,col_c_k_nayudu,hyderabad,2,1,0,3,-0.6666666666666666
aditya,col_c_k_nayudu,bihar,2,0,0,2,-1.0
akshit rana,col_c_k_nayudu,chandigarh,2,0,0,2,-1.0
akshit r kanwar,col_c_k_nayudu,himachal pradesh,2,0,0,2,-1.0
aditya tare,ranji_trophy,uttarakhand,1,0,0,1,-1.0
aditya tare,syed_mushtaq_ali_trophy,uttarakhand,1,0,0,1,-1.0
gautam,ranji_trophy,bihar,1,0,0,1,-1.0
shivam mavi,syed_mushtaq_ali_trophy,uttar pradesh,1,0,0,1,-1.0
xavier bartlett,sheffield_shield,qld,1,0,0,1,-1.0
gautam,syed_mushtaq_ali_trophy,bihar,1,0,0,1,-1.0
harshit dubey,col_c_k_nayudu,madhya pradesh,2,0,0,2,-1.0
harshit yadav,col_c_k_nayudu,madhya pradesh,2,0,0,2,-1.0
shivam mavi,ranji_trophy,uttar pradesh,1,0,0,1,-1.0
xavier bartlett,domestic_one_day,qld,1,0,0,1,-1.0
kshitij patil,col_c_k_nayudu,maharashtra,2,0,0,2,-1.0
washington sundar,syed_mushtaq_ali_trophy,tamil nadu,1,0,0,1,-1.0
washington sundar,ranji_trophy,tamil nadu,1,0,0,1,-1.0
rishit n thakur,col_c_k_nayudu,himachal pradesh,2,0,0,2,-1.0
rishith reddy,col_c_k_nayudu,hyderabad,2,0,0,2,-1.0
a badrinath,col_c_k_nayudu,tamil nadu,1,0,0,1,-1.0
